INSERT INTO usuarios(ID_USUARIOS,NOMBRE_USUARIOS,APELLIDO_USUARIOS,TIPODOC_USUARIOS,NUMDOC_USUARIOS,DIRECCIÓN_USUARIOS,TELEFONO_USUARIO,CORREO_USUARIO,CONTRASEÑA_USUARIO,ID_ROLES_USUARIOS,ROLES_USUARIOS) VALUES('1','Mariana','Barreto','CC','1612950689','Calle 10 #12-45','300-123-4567','Mariana.Barreto@gmail.com','1612950689mb','1','Administrador');
INSERT INTO usuarios(ID_USUARIOS,NOMBRE_USUARIOS,APELLIDO_USUARIOS,TIPODOC_USUARIOS,NUMDOC_USUARIOS,DIRECCIÓN_USUARIOS,TELEFONO_USUARIO,CORREO_USUARIO,CONTRASEÑA_USUARIO,ID_ROLES_USUARIOS,ROLES_USUARIOS) VALUES('2','Juan Camilo','Torres','CC','1827842630','Avenida 5 #67-89','301-234-5678','Juan.Camilo.Torres@gmail.com','1827842630jt','1','Administrador');
INSERT INTO usuarios(ID_USUARIOS,NOMBRE_USUARIOS,APELLIDO_USUARIOS,TIPODOC_USUARIOS,NUMDOC_USUARIOS,DIRECCIÓN_USUARIOS,TELEFONO_USUARIO,CORREO_USUARIO,CONTRASEÑA_USUARIO,ID_ROLES_USUARIOS,ROLES_USUARIOS) VALUES('3','Karol Diley','Galvin','CC','1730343072','Carrera 7 #34-23','302-345-6789','Karol.Diley.Galvin@gmail.com','1730343072kg','1','Administrador');
INSERT INTO usuarios(ID_USUARIOS,NOMBRE_USUARIOS,APELLIDO_USUARIOS,TIPODOC_USUARIOS,NUMDOC_USUARIOS,DIRECCIÓN_USUARIOS,TELEFONO_USUARIO,CORREO_USUARIO,CONTRASEÑA_USUARIO,ID_ROLES_USUARIOS,ROLES_USUARIOS) VALUES('4','Gabriela ','Castiblanco','CC','1020129753','Transversal 8 #56-78','303-456-7890','Gabriela.Castiblanco@gmail.com','1020129753gc','1','Administrador');
INSERT INTO usuarios(ID_USUARIOS,NOMBRE_USUARIOS,APELLIDO_USUARIOS,TIPODOC_USUARIOS,NUMDOC_USUARIOS,DIRECCIÓN_USUARIOS,TELEFONO_USUARIO,CORREO_USUARIO,CONTRASEÑA_USUARIO,ID_ROLES_USUARIOS,ROLES_USUARIOS) VALUES('5','Alejandro','García','CC','1581667604','Calle 15 #98-34','304-567-8901','Alejandro.García@gmail.com','1581667604ag','2','Paciente');
INSERT INTO usuarios(ID_USUARIOS,NOMBRE_USUARIOS,APELLIDO_USUARIOS,TIPODOC_USUARIOS,NUMDOC_USUARIOS,DIRECCIÓN_USUARIOS,TELEFONO_USUARIO,CORREO_USUARIO,CONTRASEÑA_USUARIO,ID_ROLES_USUARIOS,ROLES_USUARIOS) VALUES('6','Isabella','Martínez','CC','1811252786','Avenida 3 #22-10','305-678-9012','Isabella.Martínez@gmail.com','1811252786im','2','Paciente');
INSERT INTO usuarios(ID_USUARIOS,NOMBRE_USUARIOS,APELLIDO_USUARIOS,TIPODOC_USUARIOS,NUMDOC_USUARIOS,DIRECCIÓN_USUARIOS,TELEFONO_USUARIO,CORREO_USUARIO,CONTRASEÑA_USUARIO,ID_ROLES_USUARIOS,ROLES_USUARIOS) VALUES('7','Santiago','Rodríguez','CC','1383943047','Carrera 11 #88-90','306-789-0123','Santiago.Rodríguez@gmail.com','1383943047sr','2','Paciente');
INSERT INTO usuarios(ID_USUARIOS,NOMBRE_USUARIOS,APELLIDO_USUARIOS,TIPODOC_USUARIOS,NUMDOC_USUARIOS,DIRECCIÓN_USUARIOS,TELEFONO_USUARIO,CORREO_USUARIO,CONTRASEÑA_USUARIO,ID_ROLES_USUARIOS,ROLES_USUARIOS) VALUES('8','Valentina','López','CC','1093252651','Calle 6 #44-55','307-890-1234','Valentina.López@gmail.com','1093252651vl','2','Paciente');
INSERT INTO usuarios(ID_USUARIOS,NOMBRE_USUARIOS,APELLIDO_USUARIOS,TIPODOC_USUARIOS,NUMDOC_USUARIOS,DIRECCIÓN_USUARIOS,TELEFONO_USUARIO,CORREO_USUARIO,CONTRASEÑA_USUARIO,ID_ROLES_USUARIOS,ROLES_USUARIOS) VALUES('9','Elena','Salazar','CC','1500644017','Calle 12 #78-90','319-012-3456','Elena.Salazar@gmail.com','1500644017es','2','paciente');
INSERT INTO usuarios(ID_USUARIOS,NOMBRE_USUARIOS,APELLIDO_USUARIOS,TIPODOC_USUARIOS,NUMDOC_USUARIOS,DIRECCIÓN_USUARIOS,TELEFONO_USUARIO,CORREO_USUARIO,CONTRASEÑA_USUARIO,ID_ROLES_USUARIOS,ROLES_USUARIOS) VALUES('10','Luis','Álvarez','CC','1724984431','Avenida 6 #45-67','320-123-4567','Luis.Álvarez@gmail.com','1724984431la','2','paciente');
INSERT INTO usuarios(ID_USUARIOS,NOMBRE_USUARIOS,APELLIDO_USUARIOS,TIPODOC_USUARIOS,NUMDOC_USUARIOS,DIRECCIÓN_USUARIOS,TELEFONO_USUARIO,CORREO_USUARIO,CONTRASEÑA_USUARIO,ID_ROLES_USUARIOS,ROLES_USUARIOS) VALUES('11','Juliana','Gutiérrez','CC','1854910208','Carrera 2 #89-23','321-234-5678','Juliana.Gutiérrez@gmail.com','1854910208jg','2','paciente');
INSERT INTO usuarios(ID_USUARIOS,NOMBRE_USUARIOS,APELLIDO_USUARIOS,TIPODOC_USUARIOS,NUMDOC_USUARIOS,DIRECCIÓN_USUARIOS,TELEFONO_USUARIO,CORREO_USUARIO,CONTRASEÑA_USUARIO,ID_ROLES_USUARIOS,ROLES_USUARIOS) VALUES('12','David','Reyes','CC','1435288430','Calle 4 #12-34','322-345-6789','David.Reyes@gmail.com','1435288430dr','2','paciente');
INSERT INTO usuarios(ID_USUARIOS,NOMBRE_USUARIOS,APELLIDO_USUARIOS,TIPODOC_USUARIOS,NUMDOC_USUARIOS,DIRECCIÓN_USUARIOS,TELEFONO_USUARIO,CORREO_USUARIO,CONTRASEÑA_USUARIO,ID_ROLES_USUARIOS,ROLES_USUARIOS) VALUES('13','Paola','Serrano','CC','1160767709','Avenida 8 #56-78','323-456-7890','Paola.Serrano@gmail.com','1160767709ps','2','paciente');
INSERT INTO usuarios(ID_USUARIOS,NOMBRE_USUARIOS,APELLIDO_USUARIOS,TIPODOC_USUARIOS,NUMDOC_USUARIOS,DIRECCIÓN_USUARIOS,TELEFONO_USUARIO,CORREO_USUARIO,CONTRASEÑA_USUARIO,ID_ROLES_USUARIOS,ROLES_USUARIOS) VALUES('14','Jorge','Pacheco','CC','1520987374','Carrera 10 #34-56','324-567-8901','Jorge.Pacheco@gmail.com','1520987374jp','2','paciente');
INSERT INTO usuarios(ID_USUARIOS,NOMBRE_USUARIOS,APELLIDO_USUARIOS,TIPODOC_USUARIOS,NUMDOC_USUARIOS,DIRECCIÓN_USUARIOS,TELEFONO_USUARIO,CORREO_USUARIO,CONTRASEÑA_USUARIO,ID_ROLES_USUARIOS,ROLES_USUARIOS) VALUES('15','Gabriel','Hernández','CC','1659922590','Avenida 9 #12-30','308-901-2345','Gabriel.Hernández@gmail.com','1659922590gh','3','Domiciliario');
INSERT INTO usuarios(ID_USUARIOS,NOMBRE_USUARIOS,APELLIDO_USUARIOS,TIPODOC_USUARIOS,NUMDOC_USUARIOS,DIRECCIÓN_USUARIOS,TELEFONO_USUARIO,CORREO_USUARIO,CONTRASEÑA_USUARIO,ID_ROLES_USUARIOS,ROLES_USUARIOS) VALUES('16','Catalina','Pérez','CC','1044535462','Carrera 5 #67-89','309-012-3456','Catalina.Pérez@gmail.com','1044535462cp','3','Domiciliario');
INSERT INTO usuarios(ID_USUARIOS,NOMBRE_USUARIOS,APELLIDO_USUARIOS,TIPODOC_USUARIOS,NUMDOC_USUARIOS,DIRECCIÓN_USUARIOS,TELEFONO_USUARIO,CORREO_USUARIO,CONTRASEÑA_USUARIO,ID_ROLES_USUARIOS,ROLES_USUARIOS) VALUES('17','Daniela','García','CC','1184678867','Carrera 19 # 76-58','326-789-0123','Daniela.García@gmail.com','1184678867dg','3','domiciliario');
INSERT INTO usuarios(ID_USUARIOS,NOMBRE_USUARIOS,APELLIDO_USUARIOS,TIPODOC_USUARIOS,NUMDOC_USUARIOS,DIRECCIÓN_USUARIOS,TELEFONO_USUARIO,CORREO_USUARIO,CONTRASEÑA_USUARIO,ID_ROLES_USUARIOS,ROLES_USUARIOS) VALUES('18','Carmen','Márquez','CC','1109101728','Avenida 12 # 98-21','327-890-1234','Carmen.Márquez@gmail.com','1109101728cm','3','domiciliario');
INSERT INTO usuarios(ID_USUARIOS,NOMBRE_USUARIOS,APELLIDO_USUARIOS,TIPODOC_USUARIOS,NUMDOC_USUARIOS,DIRECCIÓN_USUARIOS,TELEFONO_USUARIO,CORREO_USUARIO,CONTRASEÑA_USUARIO,ID_ROLES_USUARIOS,ROLES_USUARIOS) VALUES('19','Carlos','Palacios','CC','1763082705','Transversal 7 # 42-14','328-901-2345','Carlos.Palacios@gmail.com','1763082705cp','3','domiciliario');
INSERT INTO usuarios(ID_USUARIOS,NOMBRE_USUARIOS,APELLIDO_USUARIOS,TIPODOC_USUARIOS,NUMDOC_USUARIOS,DIRECCIÓN_USUARIOS,TELEFONO_USUARIO,CORREO_USUARIO,CONTRASEÑA_USUARIO,ID_ROLES_USUARIOS,ROLES_USUARIOS) VALUES('20','Marta','Vega','CC','1885632190','Calle 25 # 65-45','329-012-3456','Marta.Vega@gmail.com','1885632190mv','3','domiciliario');
INSERT INTO usuarios(ID_USUARIOS,NOMBRE_USUARIOS,APELLIDO_USUARIOS,TIPODOC_USUARIOS,NUMDOC_USUARIOS,DIRECCIÓN_USUARIOS,TELEFONO_USUARIO,CORREO_USUARIO,CONTRASEÑA_USUARIO,ID_ROLES_USUARIOS,ROLES_USUARIOS) VALUES('21','Javier','Arango','CC','1779546502','Carrera 8 # 24-30','330-123-4567','Javier.Arango@gmail.com','1779546502ja','3','domiciliario');
INSERT INTO usuarios(ID_USUARIOS,NOMBRE_USUARIOS,APELLIDO_USUARIOS,TIPODOC_USUARIOS,NUMDOC_USUARIOS,DIRECCIÓN_USUARIOS,TELEFONO_USUARIO,CORREO_USUARIO,CONTRASEÑA_USUARIO,ID_ROLES_USUARIOS,ROLES_USUARIOS) VALUES('22','Tatiana','Valdés','CC','1496824190','Avenida 7 # 56-32','331-234-5678','Tatiana.Valdés@gmail.com','1496824190tv','3','domiciliario');
INSERT INTO usuarios(ID_USUARIOS,NOMBRE_USUARIOS,APELLIDO_USUARIOS,TIPODOC_USUARIOS,NUMDOC_USUARIOS,DIRECCIÓN_USUARIOS,TELEFONO_USUARIO,CORREO_USUARIO,CONTRASEÑA_USUARIO,ID_ROLES_USUARIOS,ROLES_USUARIOS) VALUES('23','Luisana','Paniagua','CC','1804326520','Calle 33 # 22-45','332-345-6789','Luisana.Paniagua@gmail.com','1804326520lp','3','domiciliario');
INSERT INTO usuarios(ID_USUARIOS,NOMBRE_USUARIOS,APELLIDO_USUARIOS,TIPODOC_USUARIOS,NUMDOC_USUARIOS,DIRECCIÓN_USUARIOS,TELEFONO_USUARIO,CORREO_USUARIO,CONTRASEÑA_USUARIO,ID_ROLES_USUARIOS,ROLES_USUARIOS) VALUES('24','Oscar','Suárez','CC','1188001437','Carrera 11 # 62-18','333-456-7890','Oscar.Suárez@gmail.com','1188001437os','3','domiciliario');
	
INSERT INTO roles(ID_ROLES,NOMBRE_ROL) VALUES('1','Administrador');
INSERT INTO roles(ID_ROLES,NOMBRE_ROL) VALUES('2','Paciente');
INSERT INTO roles(ID_ROLES,NOMBRE_ROL) VALUES('3','Domiciliario');

INSERT INTO ordenes(ID_ORDENES,EPS_ORDEN,USUARIOS_PACIENTE) VALUES('1','SANITAS','5');
INSERT INTO ordenes(ID_ORDENES,EPS_ORDEN,USUARIOS_PACIENTE) VALUES('2','SALUD_TOTAL','6');
INSERT INTO ordenes(ID_ORDENES,EPS_ORDEN,USUARIOS_PACIENTE) VALUES('3','COMPENSAR ','7');
INSERT INTO ordenes(ID_ORDENES,EPS_ORDEN,USUARIOS_PACIENTE) VALUES('4','SURA','8');
INSERT INTO ordenes(ID_ORDENES,EPS_ORDEN,USUARIOS_PACIENTE) VALUES('5','SURA','9');
INSERT INTO ordenes(ID_ORDENES,EPS_ORDEN,USUARIOS_PACIENTE) VALUES('6','COMPENSAR ','10');
INSERT INTO ordenes(ID_ORDENES,EPS_ORDEN,USUARIOS_PACIENTE) VALUES('7','SANITAS','11');
INSERT INTO ordenes(ID_ORDENES,EPS_ORDEN,USUARIOS_PACIENTE) VALUES('8','SALUD_TOTAL','12');
INSERT INTO ordenes(ID_ORDENES,EPS_ORDEN,USUARIOS_PACIENTE) VALUES('9','COMPENSAR ','13');
INSERT INTO ordenes(ID_ORDENES,EPS_ORDEN,USUARIOS_PACIENTE) VALUES('10','SURA','14');

INSERT INTO medicamentos(ID_MEDICAMENTOS,NOMBRE_MEDICAMENTOS,DESCRIPCIÓN_MEDICAMENTOS,FRECUENCIA_MEDICAMENTOS,CANTIDAD_MEDICAMENTO) VALUES('1','Aspirina','Inhibidor de la síntesis de prostaglandinas, reduciendo la inflamación y el dolor','1 unidad cada 6 hora(s) por 10 días','40 (cuarenta) tabletas');
INSERT INTO medicamentos(ID_MEDICAMENTOS,NOMBRE_MEDICAMENTOS,DESCRIPCIÓN_MEDICAMENTOS,FRECUENCIA_MEDICAMENTOS,CANTIDAD_MEDICAMENTO) VALUES('2','Ibuprofeno','Inhibidor de la síntesis de prostaglandinas, reduciendo la inflamación y el dolor','1 unidad cada 12 hora(s) por 15 días','60 (sesenta) tabletas');
INSERT INTO medicamentos(ID_MEDICAMENTOS,NOMBRE_MEDICAMENTOS,DESCRIPCIÓN_MEDICAMENTOS,FRECUENCIA_MEDICAMENTOS,CANTIDAD_MEDICAMENTO) VALUES('3','Paracetamol','Inhibidor del centro termorregulador hipotalámico, reduciendo la fiebre y el dolor','1 unidad cada 3 hora(s) por 20 días','60 (sesenta) tabletas');
INSERT INTO medicamentos(ID_MEDICAMENTOS,NOMBRE_MEDICAMENTOS,DESCRIPCIÓN_MEDICAMENTOS,FRECUENCIA_MEDICAMENTOS,CANTIDAD_MEDICAMENTO) VALUES('4','Omeprazol','Inhibidor de la bomba de protones, reduciendo la producción de ácido gástrico','2 unidad cada 24 hora(s) por 180 días','360 (trescientos sesenta) tabletas');
INSERT INTO medicamentos(ID_MEDICAMENTOS,NOMBRE_MEDICAMENTOS,DESCRIPCIÓN_MEDICAMENTOS,FRECUENCIA_MEDICAMENTOS,CANTIDAD_MEDICAMENTO) VALUES('5','Azitromicina','Inhibidor de la síntesis proteica bacteriana, impidiendo el crecimiento de bacterias','1 unidad cada 6 hora(s) por 50 días','300 (trescientas) tabletas');
INSERT INTO medicamentos(ID_MEDICAMENTOS,NOMBRE_MEDICAMENTOS,DESCRIPCIÓN_MEDICAMENTOS,FRECUENCIA_MEDICAMENTOS,CANTIDAD_MEDICAMENTO) VALUES('6','Ciprofloxina','Inhibidor de la replicación del ADN bacteriano, impidiendo el crecimiento de bacterias','1 unidad cada 6 hora(s) por 40 días','40 (cuarenta) tabletas');
INSERT INTO medicamentos(ID_MEDICAMENTOS,NOMBRE_MEDICAMENTOS,DESCRIPCIÓN_MEDICAMENTOS,FRECUENCIA_MEDICAMENTOS,CANTIDAD_MEDICAMENTO) VALUES('7','Metformina','Inhibidor de la gluconeogénesis hepática, aumentando la sensibilidad a la insulina','1 unidad cada 12 hora(s) por 20 días','20 (veinte) tabletas');
INSERT INTO medicamentos(ID_MEDICAMENTOS,NOMBRE_MEDICAMENTOS,DESCRIPCIÓN_MEDICAMENTOS,FRECUENCIA_MEDICAMENTOS,CANTIDAD_MEDICAMENTO) VALUES('8','Atrovastatina','Inhibidor de la síntesis de colesterol, reduciendo los niveles de LDL','1 unidad cada 24 hora(s) por 40 días','40 (cuarenta) tabletas');
INSERT INTO medicamentos(ID_MEDICAMENTOS,NOMBRE_MEDICAMENTOS,DESCRIPCIÓN_MEDICAMENTOS,FRECUENCIA_MEDICAMENTOS,CANTIDAD_MEDICAMENTO) VALUES('9','Fexofedina','Antagonista de los receptores H1, reduciendo la liberación de histamina','1 unidad cada 6 hora(s) por 90 días','800 (ochoscientas) tabletas');
INSERT INTO medicamentos(ID_MEDICAMENTOS,NOMBRE_MEDICAMENTOS,DESCRIPCIÓN_MEDICAMENTOS,FRECUENCIA_MEDICAMENTOS,CANTIDAD_MEDICAMENTO) VALUES('10','Dexametasona','Supresor del sistema inmunológico, reduciendo la inflamación','1 unidad cada 48 hora(s) por 40 días','20 (veinte) tabletas');

INSERT INTO vehículo(ID_VEHÍCULO,COLOR_VEHÍCULO,MARCA_VEHÍCULO,PLACA_VEHÍCULO,TIPO_VEHÍCULO,ID_USUARIOS) VALUES('1','Rojo','Chevrolet','ABC-123','Carro','15');
INSERT INTO vehículo(ID_VEHÍCULO,COLOR_VEHÍCULO,MARCA_VEHÍCULO,PLACA_VEHÍCULO,TIPO_VEHÍCULO,ID_USUARIOS) VALUES('2','Azul','Yamaha','XAA-01D','Moto','16');
INSERT INTO vehículo(ID_VEHÍCULO,COLOR_VEHÍCULO,MARCA_VEHÍCULO,PLACA_VEHÍCULO,TIPO_VEHÍCULO,ID_USUARIOS) VALUES('3','Blanco','Toyota','GHI-789','Carro','17');
INSERT INTO vehículo(ID_VEHÍCULO,COLOR_VEHÍCULO,MARCA_VEHÍCULO,PLACA_VEHÍCULO,TIPO_VEHÍCULO,ID_USUARIOS) VALUES('4','Negro','Honda','XAC-02F','Moto','18');
INSERT INTO vehículo(ID_VEHÍCULO,COLOR_VEHÍCULO,MARCA_VEHÍCULO,PLACA_VEHÍCULO,TIPO_VEHÍCULO,ID_USUARIOS) VALUES('5','Verde','Ford','HDJ-556','Carro','19');
INSERT INTO vehículo(ID_VEHÍCULO,COLOR_VEHÍCULO,MARCA_VEHÍCULO,PLACA_VEHÍCULO,TIPO_VEHÍCULO,ID_USUARIOS) VALUES('6','Azul','Volkswagen','HSY-884','Carro','20');
INSERT INTO vehículo(ID_VEHÍCULO,COLOR_VEHÍCULO,MARCA_VEHÍCULO,PLACA_VEHÍCULO,TIPO_VEHÍCULO,ID_USUARIOS) VALUES('7','Blanco','Nissan','GSO-412','Carro','21');
INSERT INTO vehículo(ID_VEHÍCULO,COLOR_VEHÍCULO,MARCA_VEHÍCULO,PLACA_VEHÍCULO,TIPO_VEHÍCULO,ID_USUARIOS) VALUES('8','Amarillo','Suzuki','XGA-03P','Moto','22');
INSERT INTO vehículo(ID_VEHÍCULO,COLOR_VEHÍCULO,MARCA_VEHÍCULO,PLACA_VEHÍCULO,TIPO_VEHÍCULO,ID_USUARIOS) VALUES('9','Negro','AKT','XAU-58O','Moto','23');
INSERT INTO vehículo(ID_VEHÍCULO,COLOR_VEHÍCULO,MARCA_VEHÍCULO,PLACA_VEHÍCULO,TIPO_VEHÍCULO,ID_USUARIOS) VALUES('10','Verde','Suzuki','XAS-24D','Moto','24');

INSERT INTO ordenes_has_medicamentos(ID_MEDICAMENTO_POR_ORDEN,ID_ORDENES,ID_MEDICAMENTOS) VALUES('1','1','1');
INSERT INTO ordenes_has_medicamentos(ID_MEDICAMENTO_POR_ORDEN,ID_ORDENES,ID_MEDICAMENTOS) VALUES('2','2','2');
INSERT INTO ordenes_has_medicamentos(ID_MEDICAMENTO_POR_ORDEN,ID_ORDENES,ID_MEDICAMENTOS) VALUES('3','3','3');
INSERT INTO ordenes_has_medicamentos(ID_MEDICAMENTO_POR_ORDEN,ID_ORDENES,ID_MEDICAMENTOS) VALUES('4','4','4');
INSERT INTO ordenes_has_medicamentos(ID_MEDICAMENTO_POR_ORDEN,ID_ORDENES,ID_MEDICAMENTOS) VALUES('5','5','5');
INSERT INTO ordenes_has_medicamentos(ID_MEDICAMENTO_POR_ORDEN,ID_ORDENES,ID_MEDICAMENTOS) VALUES('6','6','6');
INSERT INTO ordenes_has_medicamentos(ID_MEDICAMENTO_POR_ORDEN,ID_ORDENES,ID_MEDICAMENTOS) VALUES('7','7','7');
INSERT INTO ordenes_has_medicamentos(ID_MEDICAMENTO_POR_ORDEN,ID_ORDENES,ID_MEDICAMENTOS) VALUES('8','8','8');
INSERT INTO ordenes_has_medicamentos(ID_MEDICAMENTO_POR_ORDEN,ID_ORDENES,ID_MEDICAMENTOS) VALUES('9','9','9');
INSERT INTO ordenes_has_medicamentos(ID_MEDICAMENTO_POR_ORDEN,ID_ORDENES,ID_MEDICAMENTOS) VALUES('10','10','10');

INSERT INTO inventario(ID_INVENTARIO,FECHA_ENTRADA_INVENTARIO,FECHA_SALIDA_INVENTARIO,ID_MEDICAMENTOS,STOCK_INVENTARIO) VALUES('1','45328','45353','1','24');
INSERT INTO inventario(ID_INVENTARIO,FECHA_ENTRADA_INVENTARIO,FECHA_SALIDA_INVENTARIO,ID_MEDICAMENTOS,STOCK_INVENTARIO) VALUES('2','45368','45402','2','72');
INSERT INTO inventario(ID_INVENTARIO,FECHA_ENTRADA_INVENTARIO,FECHA_SALIDA_INVENTARIO,ID_MEDICAMENTOS,STOCK_INVENTARIO) VALUES('3','2 junio 20224','45516','3','86');
INSERT INTO inventario(ID_INVENTARIO,FECHA_ENTRADA_INVENTARIO,FECHA_SALIDA_INVENTARIO,ID_MEDICAMENTOS,STOCK_INVENTARIO) VALUES('4','45478','45537','4','45');
INSERT INTO inventario(ID_INVENTARIO,FECHA_ENTRADA_INVENTARIO,FECHA_SALIDA_INVENTARIO,ID_MEDICAMENTOS,STOCK_INVENTARIO) VALUES('5','45541','45569','5','63');
INSERT INTO inventario(ID_INVENTARIO,FECHA_ENTRADA_INVENTARIO,FECHA_SALIDA_INVENTARIO,ID_MEDICAMENTOS,STOCK_INVENTARIO) VALUES('6','45577','45599','6','98');
INSERT INTO inventario(ID_INVENTARIO,FECHA_ENTRADA_INVENTARIO,FECHA_SALIDA_INVENTARIO,ID_MEDICAMENTOS,STOCK_INVENTARIO) VALUES('7','45601','45626','7','102');
INSERT INTO inventario(ID_INVENTARIO,FECHA_ENTRADA_INVENTARIO,FECHA_SALIDA_INVENTARIO,ID_MEDICAMENTOS,STOCK_INVENTARIO) VALUES('8','45415','45444','8','56');
INSERT INTO inventario(ID_INVENTARIO,FECHA_ENTRADA_INVENTARIO,FECHA_SALIDA_INVENTARIO,ID_MEDICAMENTOS,STOCK_INVENTARIO) VALUES('9','45292','45309','9','40');
INSERT INTO inventario(ID_INVENTARIO,FECHA_ENTRADA_INVENTARIO,FECHA_SALIDA_INVENTARIO,ID_MEDICAMENTOS,STOCK_INVENTARIO) VALUES('10','45394','45413','10','74');

INSERT INTO privilegios(ID_PRIVILEGIOS,DESCRIPCIÓN_PRIVILEGIOS) VALUES('1','SELECT');
INSERT INTO privilegios(ID_PRIVILEGIOS,DESCRIPCIÓN_PRIVILEGIOS) VALUES('2','UPDATE');
INSERT INTO privilegios(ID_PRIVILEGIOS,DESCRIPCIÓN_PRIVILEGIOS) VALUES('3','INSERT');

INSERT INTO usuarios_has_privilegios(ID_PRIVILEGIO_USUARIO,ID_USUARIOS,ID_PRIVILEGIOS) VALUES('1','1','3');
INSERT INTO usuarios_has_privilegios(ID_PRIVILEGIO_USUARIO,ID_USUARIOS,ID_PRIVILEGIOS) VALUES('2','2','2');
INSERT INTO usuarios_has_privilegios(ID_PRIVILEGIO_USUARIO,ID_USUARIOS,ID_PRIVILEGIOS) VALUES('3','3','1');
INSERT INTO usuarios_has_privilegios(ID_PRIVILEGIO_USUARIO,ID_USUARIOS,ID_PRIVILEGIOS) VALUES('4','4','1');
INSERT INTO usuarios_has_privilegios(ID_PRIVILEGIO_USUARIO,ID_USUARIOS,ID_PRIVILEGIOS) VALUES('5','5','2');
INSERT INTO usuarios_has_privilegios(ID_PRIVILEGIO_USUARIO,ID_USUARIOS,ID_PRIVILEGIOS) VALUES('6','6','2');
INSERT INTO usuarios_has_privilegios(ID_PRIVILEGIO_USUARIO,ID_USUARIOS,ID_PRIVILEGIOS) VALUES('7','7','2');
INSERT INTO usuarios_has_privilegios(ID_PRIVILEGIO_USUARIO,ID_USUARIOS,ID_PRIVILEGIOS) VALUES('8','8','2');
INSERT INTO usuarios_has_privilegios(ID_PRIVILEGIO_USUARIO,ID_USUARIOS,ID_PRIVILEGIOS) VALUES('9','9','2');
INSERT INTO usuarios_has_privilegios(ID_PRIVILEGIO_USUARIO,ID_USUARIOS,ID_PRIVILEGIOS) VALUES('10','10','2');
INSERT INTO usuarios_has_privilegios(ID_PRIVILEGIO_USUARIO,ID_USUARIOS,ID_PRIVILEGIOS) VALUES('11','11','2');
INSERT INTO usuarios_has_privilegios(ID_PRIVILEGIO_USUARIO,ID_USUARIOS,ID_PRIVILEGIOS) VALUES('12','12','2');
INSERT INTO usuarios_has_privilegios(ID_PRIVILEGIO_USUARIO,ID_USUARIOS,ID_PRIVILEGIOS) VALUES('13','13','2');
INSERT INTO usuarios_has_privilegios(ID_PRIVILEGIO_USUARIO,ID_USUARIOS,ID_PRIVILEGIOS) VALUES('14','14','2');
INSERT INTO usuarios_has_privilegios(ID_PRIVILEGIO_USUARIO,ID_USUARIOS,ID_PRIVILEGIOS) VALUES('15','15','1');
INSERT INTO usuarios_has_privilegios(ID_PRIVILEGIO_USUARIO,ID_USUARIOS,ID_PRIVILEGIOS) VALUES('16','16','1');

INSERT INTO domicilio(ID_DOMICILIO,UBICACION_DOMICILIO,ESTADO_DOMICILIO,ID_VEHÍCULO,ID_ORDENES) VALUES('1','Calle 10 #12-45','En camino','1','1');
INSERT INTO domicilio(ID_DOMICILIO,UBICACION_DOMICILIO,ESTADO_DOMICILIO,ID_VEHÍCULO,ID_ORDENES) VALUES('2','Avenida 5 #67-89','En espera','2','2');
INSERT INTO domicilio(ID_DOMICILIO,UBICACION_DOMICILIO,ESTADO_DOMICILIO,ID_VEHÍCULO,ID_ORDENES) VALUES('3','Carrera 7 #34-23','En camino','3','3');
INSERT INTO domicilio(ID_DOMICILIO,UBICACION_DOMICILIO,ESTADO_DOMICILIO,ID_VEHÍCULO,ID_ORDENES) VALUES('4','Transversal 8 #56-78','Entregado','4','4');
INSERT INTO domicilio(ID_DOMICILIO,UBICACION_DOMICILIO,ESTADO_DOMICILIO,ID_VEHÍCULO,ID_ORDENES) VALUES('5','Calle 15 #98-34','Entregado','5','5');
INSERT INTO domicilio(ID_DOMICILIO,UBICACION_DOMICILIO,ESTADO_DOMICILIO,ID_VEHÍCULO,ID_ORDENES) VALUES('6','Avenida 3 #22-10','En espera','6','6');
INSERT INTO domicilio(ID_DOMICILIO,UBICACION_DOMICILIO,ESTADO_DOMICILIO,ID_VEHÍCULO,ID_ORDENES) VALUES('7','Carrera 11 #88-90','En camino','7','7');
INSERT INTO domicilio(ID_DOMICILIO,UBICACION_DOMICILIO,ESTADO_DOMICILIO,ID_VEHÍCULO,ID_ORDENES) VALUES('8','Calle 6 #44-55','Entregado','8','8');
INSERT INTO domicilio(ID_DOMICILIO,UBICACION_DOMICILIO,ESTADO_DOMICILIO,ID_VEHÍCULO,ID_ORDENES) VALUES('9','Calle 12 #78-90','En espera','9','9');
INSERT INTO domicilio(ID_DOMICILIO,UBICACION_DOMICILIO,ESTADO_DOMICILIO,ID_VEHÍCULO,ID_ORDENES) VALUES('10','Avenida 6 #45-67','En camino','10','10');

